{
    "d_model": 512,
    "nhead": 4,
    "num_layers": 2,
    "dropout": 0.14493832889467806,
    "learning_rate": 6.0943438506344445e-05,
    "weight_decay": 4.868521798933731e-05,
    "batch_size": 32
}