{
    "d_model": 512,
    "nhead": 8,
    "num_layers": 2,
    "dropout": 0.404150493717422,
    "learning_rate": 0.00015691206373011604,
    "weight_decay": 8.432229199651249e-06,
    "batch_size": 64
}