{
    "n_layers": 2,
    "hidden_layer_0": 1965,
    "hidden_layer_1": 1985,
    "dropout_rate": 0.24200172448118853,
    "learning_rate": 0.0003164781883863226,
    "weight_decay": 0.00015956232200761537,
    "batch_size": 64,
    "use_batch_norm": true
}