{
    "n_layers": 2,
    "hidden_layer_0": 1191,
    "hidden_layer_1": 979,
    "dropout_rate": 0.3165945688023395,
    "learning_rate": 9.869080492367043e-05,
    "weight_decay": 3.6774289248134996e-05,
    "batch_size": 128,
    "use_batch_norm": true
}